,sum_sq,df,F,PR(>F)
workflowComparator,1.107001276772866e-28,3.0,6.423747177276911e-31,1.0
ascending,2.341930812374882e-30,1.0,4.076952329059784e-32,1.0
workflowComparator:ascending,41.02108861732222,3.0,0.23803866151133293,0.8691656921064786
Residual,1838.1815617961638,32.0,,
