,sum_sq,df,F,PR(>F)
workflowComparator,495.9762924238143,3.0,0.015708661058946586,0.9972910152853016
ascending,1547.0818404407191,1.0,0.14699846323199572,0.7025501523807982
workflowComparator:ascending,457.9433245718594,3.0,0.014504073238564135,0.9975938556241853
Residual,757762.2926297819,72.0,,
