,sum_sq,df,F,PR(>F)
workflowComparator,5.106950452666084e-29,3.0,1.321826130460644e-31,1.0
ascending,7.743008748414455e-29,1.0,6.012342230594653e-31,1.0
workflowComparator:ascending,46.12174756712918,3.0,0.11937639043455811,0.9480499929142807
Residual,4121.1273484802305,32.0,,
