,sum_sq,df,F,PR(>F)
workflowComparator,6.544383379976355,3.0,0.011409081795270623,0.9983251814856647
ascending,77.45691038032666,1.0,0.4051010652166069,0.5254238487876601
workflowComparator:ascending,179.81020288242254,3.0,0.3134702222040629,0.8156237074438045
Residual,29062.995357749576,152.0,,
