,sum_sq,df,F,PR(>F)
workflowComparator,67.74406603919512,3.0,0.29886062029463845,0.8261808922387213
ascending,311.64911698534934,1.0,4.124626134603264,0.04400627603812252
workflowComparator:ascending,461.1045234700891,3.0,2.0342148318231033,0.11146999492902956
Residual,11484.838682556026,152.0,,
